,Dry yield (tonne/ha)_mean,Dry yield (tonne/ha)_std,Seasonal irrigation (mm)_mean,Seasonal irrigation (mm)_std,Profit_mean,WaterEfficiency_mean
PPO,13.920970840899988,0.21942860678757625,185.25,97.09206934012859,592.5247513619979,7.514694111147092
Random,14.017803002199189,0.2392240557440878,1646.75,139.9094440032717,-851.5454596041459,0.851240504156623
Interval,13.808877346595544,0.6975748625558563,380.1716027567498,33.687813225478195,377.4263196304478,3.632274806025178
Net,13.976741150374625,0.22550157026484507,305.60778136694955,119.16781333560685,482.2056257004833,4.573424501123048
Rainfed,8.876739454825408,3.747437426970663,0.0,0.0,-130.18689813142646,
Thresholds,13.963489753184847,0.21693817038736474,254.54545454545453,113.36786461459317,530.8827010278178,5.48565668875119
